id,first_name,last_name,email,gender,ip_address
1,Vi,Dyers,vdyers0@canalblog.com,Female,10.133.251.206
2,Vite,Nunn,vnunn1@bigcartel.com,Male,222.69.204.182
3,Dion,Jiruch,djiruch2@symantec.com,Male,2.129.142.123
4,Jenny,Yuryshev,jyuryshev3@list-manage.com,Female,10.171.57.131
5,Simeon,Olech,solech4@github.com,Male,83.144.63.157
6,Georgina,Farlowe,gfarlowe5@diigo.com,Female,67.249.75.128
7,Ike,Spada,ispada6@php.net,Male,193.91.222.15
8,Fiona,Frankes,ffrankes7@360.cn,Female,208.82.150.50
9,Lillian,Joesbury,ljoesbury8@google.co.jp,Female,86.69.117.124
10,Craig,Corteney,ccorteney9@comcast.net,Male,45.51.69.247
11,Lyman,MacColgan,lmaccolgana@uol.com.br,Male,14.3.212.138
12,Pearline,Borlease,peepopenborleaseb@deliciousdays.com,Female,110.184.3.0
13,Ariela,Halle,ahallec@ucoz.com,Female,43.206.44.17
14,Erika,Bisiker,ebisikerd@blogger.com,Female,14.214.31.11
15,Gael,Eagleston,geaglestone@techcrunch.com,Male,217.110.53.112
16,Cori,Lapley,clapleyf@phoca.cz,Male,210.23.181.168
17,Bailie,Poschel,bposchelg@elpais.com,Male,95.185.198.73
18,Sisile,Whapples,swhapplesh@imageshack.us,Female,111.195.249.167
20,Adams,Barwick,abarwickj@sbwire.com,Male,191.80.123.16
21,Gianna,Delve,gdelvek@whitehouse.gov,female,112.44.206.59
44,Garvy,Beadel,gbeadell@comsenz.com,Male,180.150.5.9
23,Zonda,Cunniffe,zcunniffem@ox.ac.uk,Female,181.86.210.3
24,Jo,Derx,jderxn@sourceforge.net,Male,187.171.155.255
25,Darbee,Lorek,dloreko@va.gov,Male,124.68.95.223
26,Trumann,Breakspear,tbreakspearp@hugedomains.com,Male,199.122.129.148
27,Gabriell,Redmire,gredmireq@cnn.com,Female,182.149.46.117
28,Verene,Foale,vfoaler@bbc.co.uk,Female,143.66.120.215
29,Orion,Harmar,oharmars@joomla.org,Male,16.77.97.132
30,Cassi,Tydd,ctyddt@unblog.fr,Female,121.60.100.90
31,Alvis,Wybourne,awybourneu@google.pl,Male,77.176.134.229
32,Kaine,Annies,kanniesv@hud.gov,Male,252.222.199.242
33,Sylas,Lohrensen,slohrensenw@ted.com,Male,193.131.102.135
34,Sylas,Stolle,sstollex@ask.com,Male,240.206.157.196
35,Livvie,Eveleigh,leveleighy@nytimes.com,Female,5.152.244.34
36,Ruthe,Foyle,rfoylez@ocn.ne.jp,Female,214.30.105.65
37,Windy,Kitto,wkitto10@sakura.ne.jp,Female,154.83.156.86
38,Husain,Danilewicz,hdanilewicz11@yelp.com,Male,116.131.141.185
40,Filmore,Ewbanche,fewbanche13@latimes.com,Male,85.64.253.154
41,Kiley,Mullineux,kmullineux14@last.fm,Male,216.104.191.104
44,Kristo,Heibl,kheibl17@wikimedia.org,Male,234.188.13.160
45,Burnaby,Fiske,bfiske18@usgs.gov,Male,5.223.148.89
46,Norrie,Syms,nsyms19@forbes.com,Female,252.224.140.19
47,Issiah,O'Hanlon,iohanlon1a@nhs.uk,Male,35.1.5.117
48,Lewes,Redwall,lredwall1b@goo.ne.jp,Male,30.180.112.140
49,Godart,Stammler,gstammler1c@paginegialle.it,Male,175.77.54.150
50,Lynnea,Beadman,lbeadman1d@miibeian.gov.cn,Female,175.77.54.150
51,Arri,Beer,abeer1e@dailymotion.com,Male,16.166.135.103
52,Jessi,McCrackan,jmccrackan1f@mysql.com,Female,113.194.78.47
53,Joel,Kidder,jkidder1g@fc2.com,Male,132.163.219.96
54,Eward,Schruyers,eschruyers1h@ning.com,Male,94.40.84.106
55,Nadya,Birtley,nbirtley1i@tripadvisor.com,Female,2.144.170.188
56,Agatha,Trenholm,atrenholm1j@microsoft.com,Female,192.21.247.178
57,Coop,Devey,cdevey1k@rambler.ru,Male,121.57.206.41
58,Laney,Lettsom,llettsom1l@upenn.edu,Female,2.232.171.39
59,Neill,Blunsden,nblunsden1m@so-net.ne.jp,Male,193.251.123.173
60,Rip,Formilli,rformilli1n@guardian.co.uk,Male,162.206.40.246
61,Tallulah,Bleakman,tbleakman1o@nature.com,Female,62.34.55.158
62,Curtice,Liccardi,cliccardi1p@skype.com,Male,212.21.12.23
63,Ado,Basezzi,abasezzi1q@prweb.com,Male,187.22.77.224
64,Dorena,Morena,dmorena1r@ucoz.com,Female,19.185.55.110
65,Godfry,Schlagh,gschlagh1s@vimeo.com,Male,221.8.107.166
66,Giffard,Douglass,gdouglass1t@tumblr.com,Male,228.145.143.5
67,Gerda,Hartford,ghartford1u@joomla.org,Female,4.154.23.58
68,Cristie,Almond,calmond1v@alexa.com,Female,158.112.59.147
69,Jeremiah,Tuting,jtuting1w@chicagotribune.com,Male,199.88.166.75
71,Nannette,Ventura,nventura1y@comcast.net,Female,42.7.51.234
72,Cassius,Ankers,cankers1z@yelp.com,Male,64.253.1.222
73,Shelley,Atteridge,satteridge20@ed.gov,Male,64.67.68.222
74,Thomasin,Legion,tlegion21@woothemes.com,Female,182.65.162.72
75,Janie,Mitkov,jmitkov22@networksolutions.com,Female,8.131.10.211
76,Marja,Beirne,mbeirne23@wikispaces.com,Female,172.239.118.140
77,Son,Mowling,smowling24@wikipedia.org,Male,72.193.0.78
78,Marcello,Sears,msears25@miibeian.gov.cn,Male,250.143.115.61
79,Zita,Wadsworth,zwadsworth26@ebay.co.uk,Female,204.134.99.232
80,Niels,Hearley,nhearley27@stumbleupon.com,Male,213.202.120.205
81,Harald,Frusher,hfrusher28@mit.edu,Male,124.156.174.92
82,Salome,Halfacre,shalfacre29@nhs.uk,Female,125.208.8.192
83,Carver,Heeney,cheeney2a@mac.com,Male,254.20.97.134
84,Eli,Lothlorien,elothlorien2b@google.ca,Male,207.84.9.166
85,Killian,Tock,ktock2c@omniture.com,Male,190.214.108.127
86,Stevena,Etherton,setherton2d@pinterest.com,Female,190.212.150.13
87,Beatrisa,Grubbe,bgrubbe2e@cnn.com,Female,73.7.222.122
88,Adiana,Petrina,apetrina2f@whitehouse.gov,Female,122.193.250.8
89,Theresina,Birtwistle,tbirtwistle2g@auda.org.au,Female,117.123.173.173
90,Buffy,Aloshkin,baloshkin2h@discuz.net,Female,179.7.140.78
91,Dov,Koppeck,dkoppeck2i@icio.us,Male,175.127.21.57
92,Sutherland,Stainsby,sstainsby2j@merriam-webster.com,Male,220.173.196.83
93,Carree,Doylend,cdoylend2k@hhs.gov,Female,236.108.2.34
94,Francesco,Surgenor,fsurgenor2l@chron.com,Male,141.99.216.26
95,Dalston,Haldin,dhaldin2m@webmd.com,Male,225.171.172.231
96,Gaby,McGillivrie,gmcgillivrie2n@biglobe.ne.jp,Male,78.200.140.47
97,Dyna,Stegers,dstegers2o@ucsd.edu,Female,47.194.138.148
98,Ambrosi,Dudny,adudny2p@netvibes.com,Male,140.125.156.71
99,Franz,Tripon,ftripon2q@baidu.com,Male,124.158.121.238
100,Kristel,Averay,kaveray2r@themeforest.net,Female,20.199.175.102
101,Vita,Welsh,vwelsh2s@vinaora.com,Female,166.237.193.9
102,Sutherlan,Archibould,sarchibould2t@ustream.tv,Male,35.37.191.156
103,Warner,Swetmore,wswetmore2u@earthlink.net,Male,195.51.127.102
104,Aurie,Bossons,abossons2v@washingtonpost.com,Female,103.131.168.219
105,Derk,Illesley,dillesley2w@google.com.au,Male,29.177.218.233
106,Adolf,Owers,aowers2x@topsy.com,Male,64.212.247.221
107,Georgena,Chaloner,gchaloner2y@163.com,Female,89.14.163.239
108,Byron,Siggens,bsiggens2z@altervista.org,Male,20.203.200.153
109,Gertruda,Mebius,gmebius30@comcast.net,Female,220.230.127.225
110,Ardys,Posselow,aposselow31@deliciousdays.com,Female,168.161.238.32
111,Tabby,Marsden,tmarsden32@japanpost.jp,Male,239.123.121.8
112,Danita,Dartan,ddartan33@storify.com,Female,132.56.106.193
113,Tate,Sayle,tsayle34@technorati.com,Male,195.68.143.49
114,Spencer,Linskill,slinskill35@tiny.cc,Male,76.92.170.159
115,Chen,Dimitrijevic,cdimitrijevic36@state.gov,Male,55.182.16.29
116,Alvan,Haker,ahaker37@alexa.com,Male,121.75.193.158
117,Bruno,McClarence,bmcclarence38@examiner.com,Male,103.252.7.56
118,Tobe,Abramovicz,tabramovicz39@xinhuanet.com,Male,42.190.139.112
119,Giusto,Holson,gholson3a@i2i.jp,Male,58.80.125.55
120,Brewster,Renols,brenols3b@booking.com,Male,151.50.135.108
121,Thaine,Tynnan,ttynnan3c@army.mil,Male,27.197.248.237
122,Karissa,Trimbey,ktrimbey3d@bizjournals.com,Female,225.109.186.27
123,Samson,Fylan,sfylan3e@techcrunch.com,Male,254.252.23.46
124,Kalil,Waiton,kwaiton3f@google.pl,Male,139.49.0.80
126,Kelvin,Warsap,kwarsap3h@oakley.com,Male,189.141.87.208
127,Xerxes,Lidgley,xlidgley3i@myspace.com,Male,238.145.6.185
128,Roddie,Saddleton,rsaddleton3j@nature.com,Male,69.152.68.35
129,Salomone,Bladge,sbladge3k@oaic.gov.au,Male,225.47.170.36
130,Cosme,Anthoney,canthoney3l@trellian.com,Male,16.237.11.242
131,Jennifer,Boyn,jboyn3m@webs.com,Female,78.240.89.169
132,Debora,Fowler,dfowler3n@ucoz.com,Female,138.92.16.145
133,Bord,Surmeyers,bsurmeyers3o@upenn.edu,Male,8.213.244.81
134,Sanders,Greet,sgreet3p@icq.com,Male,33.167.200.14
135,Shanan,Ginnelly,sginnelly3q@cbc.ca,Male,169.15.75.9
136,Darin,McIntosh,dmcintosh3r@stumbleupon.com,Male,21.102.230.99
137,Arlinda,Jerrome,ajerrome3s@apple.com,Female,160.94.238.164
138,Ninnetta,Wilcher,nwilcher3t@discovery.com,Female,147.188.11.204
139,Trevor,Wardrope,twardrope3u@mac.com,Male,152.223.211.204
140,Clementine,Portt,cportt3v@tinypic.com,Female,178.7.241.25
141,Fayth,Heymann,fheymann3w@google.es,Female,122.51.217.249
144,Clevie,Robbert,crobbert3x@telegraph.co.uk,Male,14.213.89.180
143,Marlo,Willows,mwillows3y@indiatimes.com,Male,102.253.59.2
144,Jocko,Imlaw,jimlaw3z@parallels.com,Male,205.200.131.53
145,Josee,Mayou,jmayou40@businesswire.com,Female,33.63.162.229
146,Dorena,McConnel,dmcconnel41@msu.edu,Female,18.192.93.165
147,Alister,Klaggeman,aklaggeman42@hugedomains.com,Male,223.12.215.67
148,Alayne,Farmer,afarmer43@apache.org,Female,164.26.198.26
149,Turner,Skoyles,tskoyles44@mysql.com,Male,168.188.184.57
150,Ketty,Bagworth,kbagworth45@eepurl.com,Female,119.254.227.130
151,Ignacio,Razoux,irazoux46@google.cn,Male,141.51.156.78
152,Gusella,Cheak,gcheak47@amazon.co.jp,Female,142.184.138.112
153,Ann-marie,d' Eye,adeye48@vinaora.com,Female,243.169.188.86
154,Tedi,Mulles,tmulles49@whitehouse.gov,Female,96.169.106.113
155,Arturo,Esler,aesler4a@google.es,Male,21.142.255.33
156,Doralia,Proppers,dproppers4b@bloglovin.com,Female,154.206.56.247
157,Jojo,Scain,jscain4c@irs.gov,Female,88.131.187.106
158,Sampson,Ibanez,sibanez4d@dyndns.org,Male,26.147.23.170
159,Graig,Burnel,gburnel4e@1688.com,Male,196.157.171.41
160,Cornell,Sare,csare4f@vk.com,Male,64.28.89.75
161,Jacquie,McKain,jmckain4g@rediff.com,Female,134.85.151.121
162,Eimile,Surgeoner,esurgeoner4h@nyu.edu,Female,215.59.56.38
163,Marijn,Adam,madam4i@lycos.com,Male,174.119.120.211
164,Arne,Severns,aseverns4j@wufoo.com,Male,124.194.87.88
165,Friedrick,Lampitt,flampitt4k@deviantart.com,Male,188.79.100.14
166,Saw,Carletto,scarletto4l@home.pl,Male,98.65.223.154
167,Sadella,Winkle,swinkle4m@liveinternet.ru,Female,159.39.111.222
168,Evanne,Nilles,enilles4n@angelfire.com,Female,54.192.150.62
169,Ericka,Powlett,epowlett4o@webnode.com,Female,102.188.190.177
170,Adeline,Souness,asouness4p@ucsd.edu,Female,225.88.170.91
171,Margaret,Lant,mlant4q@posterous.com,Female,198.57.167.125
172,Isac,Simchenko,isimchenko4r@nyu.edu,Male,160.201.84.172
173,Riobard,Coulthard,rcoulthard4s@geocities.com,Male,24.209.176.1
174,Barclay,Haydon,bhaydon4t@simplemachines.org,Male,187.14.123.10
175,Jessee,Cundy,jcundy4u@stumbleupon.com,Male,213.103.168.111
176,Wyn,Durkin,wdurkin4v@histats.com,Male,222.140.248.29
177,Margie,Olerenshaw,molerenshaw4w@who.int,Female,237.169.102.110
178,Lory,Baggs,lbaggs4x@drupal.org,Female,90.189.34.69
179,Hildy,Gumly,hgumly4y@chronoengine.com,Female,59.100.199.208
180,Rogerio,De Roberto,rderoberto4z@webs.com,Male,65.27.176.48
181,Virge,Blakesley,vblakesley50@google.pl,Male,196.87.111.175
182,Wald,Alliot,walliot51@photobucket.com,Male,245.50.212.215
183,Tana,Maides,tmaides52@miitbeian.gov.cn,Female,240.119.157.216
184,Gnni,Roggerone,groggerone53@meetup.com,Female,184.91.29.109
185,Kristoforo,Ebourne,kebourne54@wufoo.com,Male,246.18.208.253
186,Moina,Drummond,mdrummond55@google.com.br,Female,140.172.155.71
187,Ewart,Spofford,espofford56@sourceforge.net,Male,191.84.40.165
188,Sayres,Wetherby,swetherby57@adobe.com,Male,26.191.43.46
189,Truda,Jagels,tjagels58@ezinearticles.com,Female,39.219.183.220
190,Judye,Edlington,jedlington59@dell.com,Female,165.214.164.58
191,Viola,Chester,vchester5a@wikimedia.org,Female,163.29.93.209
192,Hew,Ponter,hponter5b@businessweek.com,Male,46.170.177.253
193,Marielle,Corter,mcorter5c@tripod.com,Female,83.244.184.14
194,Harmonie,MacGaffey,hmacgaffey5d@yandex.ru,Female,59.229.95.6
196,Madelaine,Camell,mcamell5f@weebly.com,Female,68.209.250.57
197,Mychal,Olenin,molenin5g@mlb.com,Male,27.14.140.139
198,Lamont,Stockhill,lstockhill5h@meetup.com,Male,255.220.156.122
199,Niven,Pablos,npablos5i@cornell.edu,Male,93.255.93.178
200,Frazer,Martinec,fmartinec5j@rediff.com,Male,116.107.117.109
201,Karel,Woodlands,kwoodlands5k@illinois.edu,Male,180.119.122.92
202,Maren,Boldra,mboldra5l@senate.gov,Female,188.12.77.93
203,Sheppard,Fothergill,sfothergill5m@wufoo.com,Male,238.6.230.83
204,Cati,Briscoe,cbriscoe5n@who.int,Female,73.240.183.79
205,Arny,Trusslove,atrusslove5o@abc.net.au,Male,11.219.209.94
206,Kimberlee,Blazi,kblazi5p@stanford.edu,Female,85.22.37.187
207,Zorine,Quade,zquade5q@ted.com,Female,43.95.167.41
208,Briny,Matuszyk,bmatuszyk5r@mtv.com,Female,159.238.151.239
209,Harald,Blakeway,hblakeway5s@weebly.com,Male,133.66.95.24
210,Sophronia,O'Donegan,sodonegan5t@whitehouse.gov,Female,151.187.27.179
211,Denny,Amthor,damthor5u@hao123.com,Male,246.69.1.162
212,Clarissa,Fever,cfever5v@spotify.com,Female,90.230.80.142
213,Erroll,Reeder,ereeder5w@miibeian.gov.cn,Male,60.236.214.174
214,Tonnie,Ricardet,tricardet5x@house.gov,Male,243.103.143.204
215,Alec,Yeomans,ayeomans5y@umn.edu,Male,157.154.44.77
216,Ariadne,Stockin,astockin5z@washington.edu,Female,201.208.211.52
217,Sophi,Rayworth,srayworth60@princeton.edu,Female,4.142.150.46
218,Jannel,Stuchbery,jstuchbery61@wunderground.com,Female,54.167.99.241
220,Elana,Lammenga,elammenga63@oracle.com,Female,236.70.233.166
221,Nelli,Braywood,nbraywood64@sakura.ne.jp,Female,20.87.158.118
222,Cary,Sherborne,csherborne65@seattletimes.com,Male,138.198.200.219
223,Ivett,Boyet,iboyet66@wikimedia.org,Female,67.198.61.41
224,Maribel,Zamorrano,mzamorrano67@comcast.net,Female,99.213.24.37
225,Wilton,Casson,wcasson68@reverbnation.com,Male,96.156.157.25
226,Marena,Gumm,mgumm69@netscape.com,Female,60.21.30.210
227,Addy,Pafford,apafford6a@webeden.co.uk,Female,225.240.231.71
228,Gratia,Seamen,gseamen6b@bravesites.com,Female,27.210.53.150
229,Joyann,Lenin,jlenin6c@mozilla.com,Female,252.211.179.10
230,Billy,De Andreis,bdeandreis6d@google.nl,Female,167.98.63.41
231,Denise,Mathewson,dmathewson6e@t-online.de,Female,222.204.158.208
232,Daren,Dowse,ddowse6f@rakuten.co.jp,Male,80.194.200.21
233,Lombard,Hansberry,lhansberry6g@youtu.be,Male,179.32.191.46
234,Garnet,Sugarman,gsugarman6h@elpais.com,Female,5.26.43.178
235,Shauna,Francecione,sfrancecione6i@sbwire.com,Female,227.141.4.74
236,Margit,Kleanthous,mkleanthous6j@plala.or.jp,Female,82.206.118.77
237,Spencer,Gingle,sgingle6k@phoca.cz,Male,116.22.90.12
238,Delainey,Saw,dsaw6l@dailymail.co.uk,Male,98.93.154.252
239,Bunni,Mayhead,bmayhead6m@addtoany.com,Female,245.34.22.142
240,Christoffer,Farre,cfarre6n@webnode.com,Male,172.175.148.62
241,Clari,Melior,cmelior6o@posterous.com,Female,50.166.204.117
242,Ebenezer,Slimon,eslimon6p@ifeng.com,Male,166.172.55.70
243,Ruperto,Caesmans,rcaesmans6q@princeton.edu,Male,63.24.68.1
244,Kitti,Longthorne,klongthorne6r@mit.edu,Female,254.163.167.74
245,Zachariah,Cowderay,zcowderay6s@huffingtonpost.com,Male,93.253.5.69
246,Marian,Broz,mbroz6t@t.co,Female,7.233.91.112
247,Gerhardine,Konrad,gkonrad6u@ucla.edu,Female,45.159.69.14
248,Allsun,Eastlake,aeastlake6v@wp.com,Female,164.15.237.193
249,Maryl,Lindeman,mlindeman6w@wp.com,Female,35.222.8.21
250,Hartley,Lever,hlever6x@so-net.ne.jp,Male,37.80.53.155
251,Beniamino,Impett,bimpett6y@fc2.com,Male,85.154.153.137
252,Amberly,Bryant,abryant6z@fema.gov,Female,130.202.114.213
253,Reamonn,Roumier,rroumier70@hubpages.com,Male,4.147.121.216
254,Keven,Oliveras,koliveras71@cornell.edu,Male,252.230.64.230
255,Lonnie,Caze,lcaze72@bloomberg.com,Female,94.194.190.242
256,Jeniece,Colleck,jcolleck73@toplist.cz,Female,195.198.163.8
257,Donovan,Simeon,dsimeon74@samsung.com,Male,68.233.64.25
258,Shirley,Dosedale,sdosedale75@gmpg.org,Female,1.151.76.10
259,Kristyn,Streets,kstreets76@umn.edu,Female,174.99.15.26
260,Linette,Arrowsmith,larrowsmith77@paypal.com,Female,60.186.237.72
261,Brandea,Ouldred,bouldred78@booking.com,Female,53.192.2.244
262,Jillene,Gopsall,jgopsall79@aol.com,Female,7.222.100.68
263,Renato,Schwartz,rschwartz7a@imageshack.us,Male,207.63.134.103
264,Desirae,Nolleth,dnolleth7b@nhs.uk,Female,144.130.225.159
265,Mariele,Longden,mlongden7c@csmonitor.com,Female,46.185.54.58
266,Jany,Bratton,jbratton7d@census.gov,Female,40.190.26.181
267,Jacky,Inde,jinde7e@ft.com,Male,46.109.46.66
268,Caroljean,Baldoni,cbaldoni7f@springer.com,Female,143.49.14.214
269,Xaviera,Postill,xpostill7g@weather.com,Female,82.38.185.184
270,Chris,Teeney,cteeney7h@cbsnews.com,Male,103.224.53.69
271,Leodora,Pingston,lpingston7i@linkedin.com,Female,226.150.188.152
272,Melanie,Stirrip,mstirrip7j@jugem.jp,Female,51.168.158.64
273,Vinni,McMurrugh,vmcmurrugh7k@zimbio.com,Female,206.10.28.226
274,Reinold,Jerrans,rjerrans7l@edublogs.org,Male,200.162.8.140
275,Howey,Lindenbaum,hlindenbaum7m@issuu.com,Male,22.112.12.239
276,Germaine,Poker,gpoker7n@timesonline.co.uk,Female,110.233.246.126
277,Eb,Sawart,esawart7o@freewebs.com,Male,201.232.208.202
278,Lanni,Mathouse,lmathouse7p@tuttocitta.it,Female,93.5.66.147
279,Angeli,Burtonshaw,aburtonshaw7q@wikipedia.org,Male,69.182.116.45
280,Waylen,Hellmore,whellmore7r@reuters.com,Male,247.119.143.18
281,Kile,Lanegran,klanegran7s@microsoft.com,Male,188.144.184.75
282,Romeo,Brilleman,rbrilleman7t@foxnews.com,Male,217.217.41.219
283,Rockey,Cochran,rcochran7u@domainmarket.com,Male,236.109.101.192
284,Sherwin,Farrance,sfarrance7v@webmd.com,Male,149.196.68.172
285,Sharline,Meyer,smeyer7w@wordpress.com,Female,9.185.180.199
286,Keane,Hassall,khassall7x@gnu.org,Male,227.218.127.227
287,Haley,Lamshead,hlamshead7y@nymag.com,Male,66.241.132.171
288,Glenda,Cicerone,gcicerone7z@fastcompany.com,Female,199.67.139.2
289,Effie,De Wolfe,edewolfe80@yahoo.com,Female,115.164.94.94
290,Oralia,Grevatt,ogrevatt81@sciencedirect.com,Female,162.43.99.134
291,Kelila,Dell Casa,kdellcasa82@issuu.com,Female,113.80.145.221
292,Ruthy,Ditts,rditts83@newyorker.com,Female,196.240.11.63
293,Else,Edington,eedington84@artisteer.com,Female,14.74.59.44
294,Desiri,McReedy,dmcreedy85@creativecommons.org,Female,16.7.72.47
295,Finn,Jorgesen,fjorgesen86@t.co,Male,49.164.105.159
296,Vachel,Jagson,vjagson87@storify.com,Male,242.199.166.44
297,Reggi,Boyett,rboyett88@spiegel.de,Female,177.199.12.142
298,Mendie,Tod,mtod89@imageshack.us,Male,188.83.41.206
299,Wilton,McQuirter,wmcquirter8a@example.com,Male,148.123.95.33
300,Lin,Postan,lpostan8b@howstuffworks.com,Male,105.149.99.176
301,Mead,Langford,mlangford8c@nps.gov,Female,221.36.92.253
302,Hollyanne,Garlinge,hgarlinge8d@washington.edu,Female,213.61.40.112
303,Carlina,Ragg,cragg8e@tinypic.com,Female,71.220.68.190
304,Glen,Southard,gsouthard8f@fotki.com,Male,216.172.207.178
305,Mendel,Scholling,mscholling8g@marketwatch.com,Male,9.117.67.14
306,Jeannette,Readwood,jreadwood8h@ox.ac.uk,Female,212.4.165.246
307,Silvanus,Fitzgerald,sfitzgerald8i@google.com.hk,Male,197.29.209.81
308,Crysta,Fritter,cfritter8j@gravatar.com,Female,212.170.245.125
309,Gaspard,Rudman,grudman8k@nba.com,Male,51.93.12.253
310,Evelin,Casson,ecasson8l@printfriendly.com,Male,220.87.1.107
311,Caroljean,Maddock,cmaddock8m@angelfire.com,Female,116.73.72.82
312,Rosalind,Devonport,rdevonport8n@state.tx.us,Female,127.19.23.165
313,Stefano,Killough,skillough8o@economist.com,Male,132.119.5.158
314,Zared,Tattoo,ztattoo8p@comcast.net,Male,142.201.54.56
315,Toddy,Bygrave,tbygrave8q@sfgate.com,Male,29.175.199.196
316,Evvie,Minchinton,eminchinton8r@amazon.com,Female,131.145.99.8
317,Gert,Baskwell,gbaskwell8s@nytimes.com,Female,211.239.61.112
318,Ewan,Shewring,eshewring8t@smh.com.au,Male,31.177.163.189
319,Free,Cooch,fcooch8u@rediff.com,Male,223.159.92.215
320,Bart,Avery,bavery8v@rakuten.co.jp,Male,101.221.176.140
321,Chicky,Fockes,cfockes8w@upenn.edu,Female,217.84.174.68
322,Brooks,Sexten,bsexten8x@java.com,Female,214.200.242.87
323,Melitta,Hember,mhember8y@alibaba.com,Female,81.91.27.108
324,Eleni,Nickolls,enickolls8z@addtoany.com,Female,69.219.144.255
325,Corty,Testo,ctesto90@bbc.co.uk,Male,38.131.70.0
326,Donetta,Cottill,dcottill91@blogger.com,Female,197.220.203.27
327,Traci,De Hoogh,tdehoogh92@sogou.com,Female,133.154.252.16
328,Rooney,Lapworth,rlapworth93@hc360.com,Male,245.190.114.168
329,Cesar,Timbs,ctimbs94@goo.gl,Male,188.148.169.65
330,Sheilakathryn,Newlan,snewlan95@tinypic.com,Female,229.241.144.130
331,Kendrick,Klais,kklais96@i2i.jp,Male,77.145.213.94
332,Hernando,Conen,hconen97@1688.com,Male,19.33.201.157
333,Constantia,Biasini,cbiasini98@tamu.edu,Female,192.204.198.213
334,Whitney,Blacklock,wblacklock99@storify.com,Female,130.98.74.229
335,Al,Arch,aarch9a@ocn.ne.jp,Male,189.245.213.109
336,Ruthie,Vautin,rvautin9b@hhs.gov,Female,68.96.56.187
337,Kris,Hoyles,khoyles9c@aboutads.info,Male,149.23.242.91
338,Miranda,Denisot,mdenisot9d@imgur.com,Female,146.79.177.185
339,Ivor,Robison,irobison9e@free.fr,Male,84.37.149.184
340,Cherry,Rugieri,crugieri9f@amazon.com,Female,195.89.98.238
341,Zilvia,Coakley,zcoakley9g@barnesandnoble.com,Female,176.3.216.22
342,Conny,Rockingham,crockingham9h@ifeng.com,Female,181.136.157.8
343,Joletta,Kelsey,jkelsey9i@jalbum.net,Female,13.185.224.255
344,Casi,Headington,cheadington9j@shareasale.com,Female,83.128.3.145
345,Raddy,Whittlesee,rwhittlesee9k@xinhuanet.com,Male,237.113.47.135
346,Caresa,Leworthy,cleworthy9l@quantcast.com,Female,157.6.37.79
347,Dean,Poulglais,dpoulglais9m@eepurl.com,Male,61.30.222.113
348,Hetty,Frayling,hfrayling9n@yellowbook.com,Female,47.70.144.239
349,Forest,Stitwell,fstitwell9o@last.fm,Male,251.238.60.72
350,Trstram,Poundford,tpoundford9p@hostgator.com,Male,29.135.179.122
351,Barty,Eilhertsen,beilhertsen9q@hc360.com,Male,235.5.207.253
352,Wynnie,Piscopiello,wpiscopiello9r@auda.org.au,Female,107.236.250.225
353,Adolf,Eastop,aeastop9s@google.nl,Male,95.50.109.215
354,Raffaello,Dolton,rdolton9t@dagondesign.com,Male,16.248.15.109
355,Mikaela,Leppard,mleppard9u@feedburner.com,Female,197.58.90.59
356,Byrann,Ghirardi,bghirardi9v@dropbox.com,Male,70.154.187.26
357,Jourdan,Gaukroger,jgaukroger9w@netvibes.com,Female,96.176.17.194
358,Alyssa,Stonehewer,astonehewer9x@amazon.co.uk,Female,142.223.122.228
359,Ambrose,Lackinton,alackinton9y@ning.com,Male,166.205.143.174
360,Elene,Pieroni,epieroni9z@loc.gov,Female,237.225.192.5
361,Noland,Boddis,nboddisa0@auda.org.au,Male,76.176.50.64
362,Abramo,Brimley,abrimleya1@cocolog-nifty.com,Male,38.164.167.161
363,Ber,Aldin,baldina2@xing.com,Male,73.57.180.4
364,Abram,Lorent,alorenta3@sogou.com,Male,61.93.240.180
365,Reed,Eglin,reglina4@stumbleupon.com,Male,115.192.28.234
366,Rena,Brandrick,rbrandricka5@tamu.edu,Female,105.53.216.230
367,Farica,Darinton,fdarintona6@google.ru,Female,187.240.141.8
368,Carny,Wolland,cwollanda7@howstuffworks.com,Male,11.214.245.208
369,Verna,Williams,vwilliamsa8@blinklist.com,Female,53.128.251.102
370,Corrinne,Dinnington,cdinningtona9@dropbox.com,Female,90.83.30.93
371,Hendrik,McLukie,hmclukieaa@ycombinator.com,Male,57.193.198.228
372,Amble,Wadly,awadlyab@latimes.com,Male,81.165.114.108
373,Orlan,Andreassen,oandreassenac@indiatimes.com,Male,83.143.56.116
374,Shepperd,Bricknall,sbricknallad@tuttocitta.it,Male,105.125.8.66
375,Towny,Gribben,tgribbenae@about.com,Male,236.230.53.195
376,Chadwick,Follen,cfollenaf@hugedomains.com,Male,132.119.70.35
377,Benedetto,Ribeiro,bribeiroag@mayoclinic.com,Male,239.255.16.165
378,Umeko,Haton,uhatonah@uiuc.edu,Female,107.51.240.173
379,Celine,Checchi,cchecchiai@usnews.com,Female,114.172.141.241
380,Horst,Fauning,hfauningaj@java.com,Male,237.3.115.250
381,Bern,Maude,bmaudeak@unesco.org,Male,189.235.125.219
382,Bryant,Ciobotaro,bciobotaroal@jiathis.com,Male,9.178.48.88
383,Stuart,Proske,sproskeam@msu.edu,Male,207.214.188.81
384,Niki,Koppelmann,nkoppelmannan@huffingtonpost.com,Female,134.177.9.45
385,Giorgio,Huddleston,ghuddlestonao@comsenz.com,Male,204.125.166.35
386,Bealle,Brammall,bbrammallap@un.org,Male,73.21.106.12
387,Sayers,Illyes,sillyesaq@cpanel.net,Male,36.4.185.235
388,Vaughn,Mocher,vmocherar@discuz.net,Male,241.177.185.9
389,Viviana,Surr,vsurras@amazon.co.jp,Female,123.27.49.245
390,Juliana,Salzberger,jsalzbergerat@google.ca,Female,213.81.15.59
391,Townie,Sworne,tsworneau@eepurl.com,Male,25.242.190.69
392,Carie,Tatnell,ctatnellav@dot.gov,Female,183.169.166.232
393,Randee,Attarge,rattargeaw@cam.ac.uk,Female,32.26.152.198
394,Hagen,Ainley,hainleyax@geocities.com,Male,203.205.49.79
395,Dara,Juan,djuanay@over-blog.com,Female,27.64.154.25
396,Raquel,Ashwin,rashwinaz@ameblo.jp,Female,214.160.187.75
397,Gabi,Rawood,grawoodb0@phpbb.com,Male,77.46.102.243
398,Berke,Olufsen,bolufsenb1@flavors.me,Male,234.57.158.170
399,Rogers,Biggam,rbiggamb2@cafepress.com,Male,59.167.17.220
400,Bendix,Whales,bwhalesb3@ehow.com,Male,209.184.135.155
401,Timotheus,Ashenhurst,tashenhurstb4@virginia.edu,Male,250.209.73.161
402,Samson,Oyley,soyleyb5@foxnews.com,Male,48.201.75.147
403,Fran,Verrell,fverrellb6@rediff.com,Male,68.134.145.229
404,Caron,Rief,criefb7@discuz.net,Female,46.53.54.19
405,Nicolai,Gawthrop,ngawthropb8@barnesandnoble.com,Male,164.146.75.54
406,Devy,Tidcomb,dtidcombb9@slashdot.org,Male,238.21.99.28
407,Thor,Beeke,tbeekeba@indiegogo.com,Male,239.181.152.211
408,Dougie,Yakushkin,dyakushkinbb@epa.gov,Male,38.151.251.218
409,Kane,Oakwell,koakwellbc@washingtonpost.com,Male,127.107.153.153
410,Mersey,Kenright,mkenrightbd@free.fr,Female,128.237.195.201
411,Valeda,Setford,vsetfordbe@bigcartel.com,Female,235.199.179.6
412,Doralia,Isley,disleybf@mozilla.org,Female,252.186.124.61
413,Auberta,Gaudon,agaudonbg@arstechnica.com,Female,26.198.111.205
414,Aylmer,Shafier,ashafierbh@elpais.com,Male,182.78.37.64
415,Rickard,Corps,rcorpsbi@wisc.edu,Male,211.161.233.10
416,Claudian,Creek,ccreekbj@tripod.com,Male,155.176.229.238
417,Iris,Lutman,ilutmanbk@netscape.com,Female,102.195.233.107
418,Yurik,MacEnelly,ymacenellybl@blogtalkradio.com,Male,124.179.190.99
419,Olivier,Heaffey,oheaffeybm@ucoz.ru,Male,200.223.143.191
420,Lenore,Hightown,lhightownbn@sfgate.com,Female,119.124.249.134
421,Dina,Leaman,dleamanbo@cocolog-nifty.com,Female,21.177.106.172
422,Salli,Temprell,stemprellbp@sogou.com,Female,128.188.123.153
423,Osbourn,Goude,ogoudebq@cornell.edu,Male,105.89.44.219
424,Jaquenetta,Roome,jroomebr@networkadvertising.org,Female,130.248.95.174
425,Stanford,Marrian,smarrianbs@weebly.com,Male,217.164.32.154
426,Chicky,Zimmermanns,czimmermannsbt@miibeian.gov.cn,Male,97.186.128.17
427,Thaddus,Iacivelli,tiacivellibu@spotify.com,Male,152.181.225.95
428,Dante,Yearron,dyearronbv@latimes.com,Male,94.193.173.38
429,Moe,Grishaev,mgrishaevbw@myspace.com,Male,232.239.51.83
430,Joellen,Breffitt,jbreffittbx@newyorker.com,Female,178.125.222.246
431,Vanda,Markl,vmarklby@msn.com,Female,34.74.213.49
432,Berte,Cleen,bcleenbz@homestead.com,Female,145.248.73.59
433,Gae,Digle,gdiglec0@sohu.com,Female,230.238.156.162
434,Fernande,Timlett,ftimlettc1@hao123.com,Female,35.85.78.102
435,Nickie,Kent,nkentc2@jugem.jp,Male,106.85.121.223
436,Geneva,Sadler,gsadlerc3@godaddy.com,Female,250.157.198.88
437,Eddie,Marler,emarlerc4@zdnet.com,Male,181.53.252.105
438,Lombard,Kindred,lkindredc5@google.com.hk,Male,5.162.133.33
439,Lamar,Tesimon,ltesimonc6@hud.gov,Male,188.27.205.141
440,Darcie,Pillifant,dpillifantc7@noaa.gov,Female,57.111.98.228
441,Verena,Otter,votterc8@last.fm,Female,127.76.20.30
442,Winifield,Grishanin,wgrishaninc9@pen.io,Male,242.87.174.217
443,Lynne,Renner,lrennerca@flavors.me,Female,210.94.35.89
444,Scottie,Eagan,seagancb@cargocollective.com,Male,124.60.49.185
445,Dian,Louch,dlouchcc@weather.com,Female,38.136.128.194
446,Francesco,Isgar,fisgarcd@omniture.com,Male,218.32.107.210
447,Natalee,Beeckx,nbeeckxce@lulu.com,Female,177.6.152.91
448,Clareta,Noore,cnoorecf@jigsy.com,Female,10.139.231.169
450,Matthiew,Fittis,mfittisch@unicef.org,Male,149.90.177.164
451,Alvin,Rihanek,arihanekci@nifty.com,Male,5.111.35.93
452,Yuma,Elderidge,yelderidgecj@php.net,Male,199.129.236.5
453,Amandy,Fishbie,afishbieck@imdb.com,Female,156.178.201.68
454,Tremain,Norvill,tnorvillcl@myspace.com,Male,215.146.210.218
455,Tremaine,Ridolfo,tridolfocm@surveymonkey.com,Male,194.36.178.73
456,Yettie,Surguine,ysurguinecn@arstechnica.com,Female,106.22.14.140
457,Hamid,Burrage,hburrageco@loc.gov,Male,27.210.15.238
458,Tamara,Tompkinson,ttompkinsoncp@mysql.com,Female,228.17.104.113
459,Tobias,Hawkes,thawkescq@intel.com,Male,99.29.101.153
460,Daria,Linforth,dlinforthcr@yellowpages.com,Female,132.145.145.8
461,Marris,Reeken,mreekencs@craigslist.org,Female,34.60.59.176
462,Tamiko,Shah,tshahct@cbsnews.com,Female,7.41.6.52
463,Ray,Suthworth,rsuthworthcu@fc2.com,Female,58.59.174.30
464,Ronni,Fryett,rfryettcv@goo.ne.jp,Female,54.50.215.193
465,Gannie,Wloch,gwlochcw@wufoo.com,Male,24.4.216.214
466,Cherilynn,Darkott,cdarkottcx@naver.com,Female,250.127.45.228
467,Mozelle,Foley,mfoleycy@indiegogo.com,Female,101.129.118.147
468,Verne,Rockey,vrockeycz@ask.com,Male,36.204.13.89
469,Scot,Mustard,smustardd0@sitemeter.com,Male,30.84.117.187
470,Ulrica,Seson,usesond1@salon.com,Female,159.66.172.144
471,Ben,Molden,bmoldend2@miitbeian.gov.cn,Male,78.121.107.67
472,Saunder,Shreve,sshreved3@sbwire.com,Male,26.222.94.36
473,Ulrikaumeko,Rothera,urotherad4@squarespace.com,Female,86.59.253.102
474,Talbert,Peachment,tpeachmentd5@desdev.cn,Male,91.9.20.198
475,Ranique,Jollye,rjollyed6@fotki.com,Female,43.7.141.19
476,Lanie,Ramas,lramasd7@goo.gl,Male,145.42.192.222
478,Briney,Lidgate,blidgated9@slideshare.net,Female,20.186.152.70
479,Honoria,Dahl,hdahlda@symantec.com,Female,164.242.129.207
480,Eugine,Guichard,eguicharddb@liveinternet.ru,Female,105.232.140.225
481,Tiffanie,Anfonsi,tanfonsidc@smh.com.au,Female,232.201.88.252
482,Katee,Tapply,ktapplydd@networksolutions.com,Female,246.117.215.255
483,Davis,Skeemer,dskeemerde@google.ca,Male,30.62.111.239
484,Alistair,Indruch,aindruchdf@wisc.edu,Male,252.57.204.7
485,Roanne,Gauvin,rgauvindg@baidu.com,Female,159.171.44.154
486,Timmie,McInerney,tmcinerneydh@dropbox.com,Male,155.166.10.65
487,Wyatan,Hernik,whernikdi@blogs.com,Male,82.193.208.123
488,Zia,Hogbin,zhogbindj@ocn.ne.jp,Female,175.174.238.100
489,Amble,Winward,awinwarddk@dion.ne.jp,Male,44.34.146.95
490,Briano,McLeary,bmclearydl@epa.gov,Male,194.229.79.252
491,Wilden,Duthy,wduthydm@usgs.gov,Male,95.225.147.140
492,Zsa zsa,Scantleberry,zscantleberrydn@tiny.cc,Female,108.197.48.204
493,Delphinia,Pinchon,dpinchondo@mlb.com,Female,218.205.5.182
494,Blakelee,Boshell,bboshelldp@sitemeter.com,Female,227.85.237.226
495,Linea,Brocklebank,lbrocklebankdq@indiegogo.com,Female,198.10.50.50
496,Devland,Burnsell,dburnselldr@telegraph.co.uk,Male,77.183.107.58
497,Alf,Caghan,acaghands@whitehouse.gov,Male,25.251.187.159
498,Agnesse,Ingliby,ainglibydt@delicious.com,Female,145.150.84.112
499,Reine,Meace,rmeacedu@shutterfly.com,Female,204.46.160.68
501,Derek,Orrocks,dorrocksdw@feedburner.com,Male,221.28.201.138
502,Antonina,Dubbin,adubbindx@msu.edu,Female,217.187.177.156
503,Blanche,Coleridge,bcoleridgedy@addtoany.com,Female,217.241.246.215
504,Butch,Corish,bcorishdz@europa.eu,Male,134.7.145.192
505,Manya,Axworthy,maxworthye0@foxnews.com,Female,160.4.147.11
506,Laurel,Lafaye,llafayee1@weibo.com,Female,106.135.83.10
507,Vlad,Croney,vcroneye2@samsung.com,Male,119.45.91.232
508,Kora,Vanshin,kvanshine3@tinypic.com,Female,192.17.100.66
509,Derril,Beningfield,dbeningfielde4@pinterest.com,Male,199.137.136.243
510,Caron,Geall,cgealle5@cafepress.com,Female,121.74.254.14
511,Fred,Bardnam,fbardname6@lulu.com,Female,135.160.143.128
512,Flemming,Bodycombe,fbodycombee7@istockphoto.com,Male,1.120.2.30
513,Elle,Iianon,eiianone8@phpbb.com,Female,45.143.136.1
514,Bibbie,Lanfranconi,blanfranconie9@plala.or.jp,Female,244.34.18.116
515,Vikki,Ellis,vellisea@thetimes.co.uk,Female,52.188.55.72
516,Elfrida,Pennick,epennickeb@statcounter.com,Female,74.205.8.90
517,Roxy,Dimanche,rdimancheec@phoca.cz,Female,78.209.226.82
518,Emilie,Levin,elevined@vinaora.com,Female,241.82.193.64
519,Woodie,Tureville,wturevilleee@flavors.me,Male,43.118.147.231
520,Frederico,Tullot,ftullotef@github.io,Male,149.203.146.61
521,Kirby,Macklam,kmacklameg@gizmodo.com,Male,122.227.52.148
522,Stesha,Wendover,swendovereh@discovery.com,Female,53.72.239.239
523,Gerri,De Angelis,gdeangelisei@flavors.me,Male,171.177.163.176
524,Raoul,Greg,rgregej@about.com,Male,95.58.211.234
525,Wye,Jancso,wjancsoek@theguardian.com,Male,213.210.196.1
526,Niko,Bernardin,nbernardinel@multiply.com,Male,68.16.120.51
527,Obidiah,Greggor,ogreggorem@mlb.com,Male,81.101.150.221
528,Calhoun,Twell,ctwellen@weebly.com,Male,127.21.76.12
530,Christiane,Seeley,cseeleyep@google.es,Female,241.130.120.194
532,Kirsteni,Mougeot,kmougeoter@biglobe.ne.jp,Female,132.255.42.177
533,Willie,Sabate,wsabatees@soundcloud.com,Female,156.220.7.0
534,Loy,Zoanetti,lzoanettiet@opensource.org,Male,72.19.173.235
535,Bernadette,Foulser,bfoulsereu@hostgator.com,Female,38.66.255.1
536,Danyelle,By,dbyev@feedburner.com,Female,141.18.225.128
537,Rogers,Quickenden,rquickendenew@bandcamp.com,Male,18.242.65.43
538,Shaylyn,Guiver,sguiverex@pbs.org,Female,142.212.251.55
539,Cornelle,Pawel,cpaweley@lulu.com,Female,95.40.63.80
540,Dunc,Sandcroft,dsandcroftez@odnoklassniki.ru,Male,241.210.181.53
541,Lorna,Blagden,lblagdenf0@unc.edu,Female,96.118.234.44
542,Fulton,Myner,fmynerf1@ebay.co.uk,Male,50.13.149.78
543,Desirae,Radnedge,dradnedgef2@symantec.com,Female,210.171.15.129
544,Gaultiero,Szimoni,gszimonif3@springer.com,Male,196.88.80.223
545,Rod,Pladen,rpladenf4@samsung.com,Male,230.230.82.98
546,Yolanthe,Brawley,ybrawleyf5@kickstarter.com,Female,56.207.196.209
547,Elissa,Jedrzejczak,ejedrzejczakf6@apple.com,Female,87.197.223.239
548,Fleming,Scrowby,fscrowbyf7@example.com,Male,57.157.129.217
549,Rois,Stoppard,rstoppardf8@reddit.com,Female,156.17.134.108
550,Terza,Williams,twilliamsf9@topsy.com,Female,223.81.128.127
551,Jacquette,Carrivick,jcarrivickfa@newyorker.com,Female,182.117.12.5
552,Fidelio,Lindhe,flindhefb@geocities.com,Male,174.17.180.172
553,Elnora,Barlace,ebarlacefc@wp.com,Female,196.50.66.30
554,Brittne,Clougher,bclougherfd@jugem.jp,Female,216.179.96.66
555,Duky,Nuzzetti,dnuzzettife@discovery.com,Male,15.236.176.139
556,Arnuad,Topp,atoppff@yahoo.co.jp,Male,124.145.40.246
557,Tynan,Rosbottom,trosbottomfg@technorati.com,Male,144.7.225.207
558,Wallis,Bickardike,wbickardikefh@studiopress.com,Male,97.168.131.91
559,Goober,Holdforth,gholdforthfi@example.com,Male,138.7.59.134
560,Tracey,Dargie,tdargiefj@multiply.com,Male,102.45.44.176
561,Rolph,Hoovart,rhoovartfk@twitter.com,Male,55.247.100.29
562,Willey,Cranch,wcranchfl@shinystat.com,Male,225.135.237.213
563,Kennie,Sutcliffe,ksutcliffefm@slate.com,Male,220.151.167.116
564,Dene,Langlois,dlangloisfn@wikimedia.org,Male,128.156.188.41
565,Grady,Medeway,gmedewayfo@jigsy.com,Male,66.247.69.65
566,Valera,Semechik,vsemechikfp@soup.io,Female,31.148.254.68
567,Lira,Farrin,lfarrinfq@eepurl.com,Female,32.23.150.169
568,Elana,Adriaan,eadriaanfr@guardian.co.uk,Female,147.113.146.21
569,Rabbi,Hedger,rhedgerfs@google.com,Male,2.37.100.106
570,Archibald,Audas,aaudasft@biblegateway.com,Male,154.45.167.81
571,Stafford,Valois,svaloisfu@quantcast.com,Male,171.8.165.226
572,Giovanni,Vann,gvannfv@digg.com,Male,193.233.80.34
573,Trista,Philip,tphilipfw@wordpress.org,Female,180.16.101.164
574,Erskine,Keigher,ekeigherfx@yahoo.com,Male,87.73.84.150
575,Jarrid,Feckey,jfeckeyfy@state.tx.us,Male,138.165.19.134
576,Rois,Veschambre,rveschambrefz@mtv.com,Female,100.96.144.194
577,Boyd,Vannar,bvannarg0@histats.com,Male,73.59.118.100
578,Cecilia,Masterton,cmastertong1@salon.com,Female,177.99.133.10
579,Benson,Mooney,bmooneyg2@chron.com,Male,72.252.2.27
580,Davie,Kniveton,dknivetong3@engadget.com,Male,3.13.63.94
581,Tannie,Bezants,tbezantsg4@hostgator.com,Male,192.222.124.168
582,Ailsun,O'Lennane,aolennaneg5@aboutads.info,Female,170.6.63.202
583,Ag,Lum,alumg6@icq.com,Female,116.85.248.56
584,Ric,Jarvis,rjarvisg7@nhs.uk,Male,218.85.90.48
585,Esme,Atcock,eatcockg8@umich.edu,Female,241.225.18.171
586,Dov,de Cullip,ddecullipg9@amazon.com,Male,137.45.144.110
587,Magdalen,Faye,mfayega@360.cn,Female,213.131.190.194
588,Simonne,Bremond,sbremondgb@edublogs.org,Female,224.92.213.204
589,Orland,Kidsley,okidsleygc@arstechnica.com,Male,112.20.215.202
590,Hestia,Sjollema,hsjollemagd@kickstarter.com,Female,38.206.16.18
591,Anna-diane,Tessyman,atessymange@liveinternet.ru,Female,202.173.92.7
592,Kerianne,Guerreau,kguerreaugf@tripod.com,Female,247.90.71.109
593,Theadora,Valasek,tvalasekgg@paypal.com,Female,7.117.220.184
594,Lewie,Corlett,lcorlettgh@yolasite.com,Male,177.105.220.53
596,Witty,Briddock,wbriddockgj@over-blog.com,Male,161.181.179.122
597,Isidora,Robillart,irobillartgk@netlog.com,Female,17.193.31.69
598,Corabel,Seldner,cseldnergl@bizjournals.com,Female,133.225.61.32
599,Silvanus,Toop,stoopgm@yellowbook.com,Male,21.5.194.171
600,Ab,Utteridge,autteridgegn@ca.gov,Male,153.122.143.177
601,Ed,Hing,ehinggo@aol.com,Male,204.39.44.40
602,Sascha,Tansley,stansleygp@zdnet.com,Female,58.167.87.66
603,Flint,Mincini,fmincinigq@storify.com,Male,172.185.44.31
604,Banky,Bourges,bbourgesgr@un.org,Male,98.179.113.170
605,Hugo,Feeley,hfeeleygs@163.com,Male,134.40.44.239
606,Lisetta,Jeannard,ljeannardgt@stumbleupon.com,Female,108.233.214.228
607,Britteny,Beckett,bbeckettgu@webs.com,Female,74.108.241.215
608,Mollee,Vautrey,mvautreygv@bbb.org,Female,37.18.60.30
609,Charmaine,Coye,ccoyegw@github.com,Female,210.240.71.169
610,Artair,Cockett,acockettgx@ovh.net,Male,136.208.151.92
611,Baxter,Mion,bmiongy@51.la,Male,178.160.22.3
612,Ahmad,Inworth,ainworthgz@earthlink.net,Male,134.223.196.44
613,Sebastiano,Jelly,sjellyh0@instagram.com,Male,127.167.27.159
614,Zenia,Windas,zwindash1@utexas.edu,Female,117.211.61.51
615,Edgardo,Appleyard,eappleyardh2@netvibes.com,Male,161.182.234.247
616,Freddie,Druitt,fdruitth3@indiegogo.com,Male,236.220.2.131
617,Gwyn,Morford,gmorfordh4@blinklist.com,Female,4.60.26.140
618,Maxie,Burniston,mburnistonh5@hao123.com,Male,209.102.229.196
619,Mindy,Weems,mweemsh6@tripod.com,Female,54.9.73.151
620,Rivi,Kochel,rkochelh7@theguardian.com,Female,151.184.61.10
621,Sibella,Vayro,svayroh8@google.de,Female,42.152.78.255
622,Ketti,Kinneally,kkinneallyh9@apple.com,Female,192.196.145.111
623,Lebbie,Storrie,lstorrieha@furl.net,Female,98.230.194.123
624,Tobi,Artis,tartishb@yellowpages.com,Female,29.215.252.221
625,Kahaleel,Butting,kbuttinghc@mayoclinic.com,Male,86.243.160.191
626,Tony,O'Curneen,tocurneenhd@umich.edu,Female,165.239.13.190
627,Bobbi,Alcock,balcockhe@elpais.com,Female,253.32.237.111
628,Ursola,Baird,ubairdhf@springer.com,Female,246.68.19.94
629,Adelice,Macek,amacekhg@myspace.com,Female,249.65.215.88
630,Willyt,Houltham,whoulthamhh@rambler.ru,Female,51.60.58.200
631,Giavani,Persian,gpersianhi@newsvine.com,Male,91.244.252.221
632,Kiley,Anthill,kanthillhj@hud.gov,Male,82.61.116.186
633,Brennen,Jiru,bjiruhk@shop-pro.jp,Male,71.229.131.238
634,Lesya,Matysik,lmatysikhl@buzzfeed.com,Female,204.116.224.241
635,Korrie,Aykroyd,kaykroydhm@adobe.com,Female,148.121.252.65
636,Darby,Bottinelli,dbottinellihn@princeton.edu,Male,237.138.182.77
637,Aldin,Ferrick,aferrickho@unicef.org,Male,94.130.138.82
638,Efren,Sainsberry,esainsberryhp@ucsd.edu,Male,105.14.145.251
639,Ignaz,Hicken,ihickenhq@addtoany.com,Male,176.196.55.140
640,Aristotle,Clague,aclaguehr@fotki.com,Male,174.204.253.60
641,Nessy,Foulis,nfoulishs@boston.com,Female,217.238.20.241
642,Hiram,Wharby,hwharbyht@vimeo.com,Male,115.142.169.228
643,Winny,Prisley,wprisleyhu@jalbum.net,Male,141.243.137.29
644,Ragnar,Morrill,rmorrillhv@smugmug.com,Male,10.248.4.12
645,Angeline,Basketfield,abasketfieldhw@devhub.com,Female,65.150.66.125
646,Shea,Krauss,skrausshx@list-manage.com,Female,20.125.159.41
647,Lisle,Tubby,ltubbyhy@icq.com,Male,238.50.178.52
648,Catherina,MacAskill,cmacaskillhz@microsoft.com,Female,112.42.187.37
649,Matthiew,Markussen,mmarkusseni0@de.vu,Male,103.137.52.186
650,Jo-anne,Lamming,jlammingi1@smugmug.com,Female,37.95.58.39
651,Mendy,Fitzackerley,mfitzackerleyi2@live.com,Male,93.251.224.220
652,Maurise,O'Halloran,mohallorani3@businesswire.com,Male,80.191.151.241
653,Stanly,Wittey,switteyi4@live.com,Male,239.34.182.55
654,Janka,Rivers,jriversi5@paypal.com,Female,234.165.197.60
655,Felicia,Thomazet,fthomazeti6@barnesandnoble.com,Female,195.123.89.80
657,Larisa,Aspland,lasplandi8@weebly.com,Female,109.149.233.210
658,Winny,Dudmarsh,wdudmarshi9@utexas.edu,Female,9.77.100.201
659,Freddy,Cakebread,fcakebreadia@cpanel.net,Female,122.121.76.87
660,Viviyan,Barensky,vbarenskyib@is.gd,Female,19.37.51.223
661,Irena,Kerner,ikerneric@foxnews.com,Female,190.92.231.97
662,Betty,Rosenschein,brosenscheinid@webmd.com,Female,55.180.103.76
663,Bertrando,Tuckey,btuckeyie@technorati.com,Male,199.220.213.222
664,Melany,Soall,msoallif@1und1.de,Female,223.190.143.171
665,Hieronymus,Minshall,hminshallig@surveymonkey.com,Male,232.87.115.10
666,Gaye,Swoffer,gswofferih@comcast.net,Female,216.108.37.166
667,Bertram,Dufore,bduforeii@creativecommons.org,Male,100.40.209.182
668,Alvina,Crayden,acraydenij@ycombinator.com,Female,237.211.55.12
669,Tarah,Foddy,tfoddyik@ovh.net,Female,151.233.189.245
670,Verene,Shipway,vshipwayil@liveinternet.ru,Female,134.38.57.164
671,Orville,Folley,ofolleyim@mysql.com,Male,48.228.37.201
672,Adam,Steddall,asteddallin@unesco.org,Male,133.208.144.254
673,Vin,Kingswood,vkingswoodio@wsj.com,Male,14.207.66.233
674,Ursuline,Palmby,upalmbyip@chicagotribune.com,Female,30.141.188.149
675,Hyacinthie,Gatteridge,hgatteridgeiq@ucsd.edu,Female,101.176.155.63
677,Maris,Kerman,mkermanis@statcounter.com,Female,217.186.173.194
678,Bride,Iacofo,biacofoit@xrea.com,Female,202.115.54.40
679,Cassandra,Filipov,cfilipoviu@nhs.uk,Female,154.50.158.38
680,Fabian,Ginger,fgingeriv@ask.com,Male,170.117.198.169
681,Merrill,Redgewell,mredgewelliw@nhs.uk,Female,143.146.0.99
682,Costa,Falkous,cfalkousix@independent.co.uk,Male,230.236.130.181
683,Bernetta,Faircloth,bfairclothiy@webs.com,Female,228.85.139.172
684,Fina,McGruar,fmcgruariz@de.vu,Female,182.100.202.33
685,Randie,Chiplin,rchiplinj0@t-online.de,Male,63.212.207.249
686,Carri,Piddington,cpiddingtonj1@joomla.org,Female,240.163.218.52
687,Cecelia,Caslake,ccaslakej2@merriam-webster.com,Female,0.101.78.116
688,Godfrey,Gutowski,ggutowskij3@networksolutions.com,Male,195.231.42.99
689,Kania,Hackwell,khackwellj4@google.nl,Female,165.84.50.167
690,Kacey,Hardistry,khardistryj5@sun.com,Female,147.137.239.149
691,Foster,Dyos,fdyosj6@nih.gov,Male,26.154.74.166
692,Jayne,Germon,jgermonj7@salon.com,Female,95.253.44.7
693,Findlay,Petrina,fpetrinaj8@adobe.com,Male,95.89.98.90
694,Herminia,McMoyer,hmcmoyerj9@goo.ne.jp,Female,226.162.230.44
695,Bernette,Tregoning,btregoningja@oakley.com,Female,128.255.65.8
696,Sande,Ritter,sritterjb@marriott.com,Female,88.235.56.160
697,Hadria,Chiechio,hchiechiojc@google.pl,Female,247.194.219.95
698,Irma,Pirie,ipiriejd@imdb.com,Female,75.83.57.144
699,Bogey,Ghio,bghioje@walmart.com,Male,79.77.8.37
700,Xena,Gallen,xgallenjf@symantec.com,Female,3.61.208.255
701,Fons,McClarence,fmcclarencejg@nyu.edu,Male,11.167.29.5
702,Darrin,Ellif,dellifjh@paypal.com,Male,18.254.102.194
703,Bertrand,Strotton,bstrottonji@multiply.com,Male,198.175.167.83
704,Diane-marie,Seldner,dseldnerjj@vinaora.com,Female,192.78.178.4
705,Arne,Fife,afifejk@discovery.com,Male,14.188.48.25
706,Rex,Wildsmith,rwildsmithjl@newsvine.com,Male,253.220.207.237
707,Gayler,Semmens,gsemmensjm@addthis.com,Male,103.24.250.21
708,Alva,Sowersby,asowersbyjn@histats.com,Male,241.64.120.2
709,Vinny,Jumel,vjumeljo@gizmodo.com,Male,193.98.63.252
710,Elvyn,Showell,eshowelljp@arizona.edu,Male,149.204.22.127
711,Dorie,Romagosa,dromagosajq@census.gov,Female,188.74.146.97
712,Aldwin,O'Lynn,aolynnjr@theguardian.com,Male,164.171.218.186
713,Kalila,Hardwich,khardwichjs@free.fr,Female,200.165.220.252
714,Bronnie,Pinsent,bpinsentjt@admin.ch,Male,219.84.40.110
715,Friedrick,Whitton,fwhittonju@abc.net.au,Male,181.242.197.89
716,Jenna,Crayden,jcraydenjv@unc.edu,Female,240.207.125.106
717,El,Hughesdon,ehughesdonjw@princeton.edu,Male,185.183.86.209
718,Nikki,Megarrell,nmegarrelljx@economist.com,Male,60.89.22.191
719,Bertrando,Bateson,bbatesonjy@ted.com,Male,29.127.180.52
720,Barnard,Giorgi,bgiorgijz@shinystat.com,Male,255.247.153.141
721,Dierdre,Beamiss,dbeamissk0@dailymail.co.uk,Female,138.137.189.78
722,Tulley,Kilbride,tkilbridek1@twitpic.com,Male,149.45.23.190
723,Jefferson,Gloucester,jgloucesterk2@flickr.com,Male,174.59.73.124
724,Sharleen,Tutt,stuttk3@desdev.cn,Female,15.32.133.201
725,Orson,Applewhaite,oapplewhaitek4@addtoany.com,Male,207.39.49.65
726,Marabel,Pebworth,mpebworthk5@sfgate.com,Female,203.202.128.214
727,Antonetta,Spreadbury,aspreadburyk6@auda.org.au,Female,177.105.46.118
728,Malinde,Varns,mvarnsk7@bbb.org,Female,166.219.145.25
729,Archy,Cranston,acranstonk8@xrea.com,Male,38.164.86.147
730,Carmelle,Mathew,cmathewk9@springer.com,Female,157.72.111.42
731,Caspar,Rosewarne,crosewarneka@google.co.jp,Male,102.0.195.15
732,Jammal,O'Cooney,jocooneykb@google.co.uk,Male,0.9.103.105
733,Jordon,Whife,jwhifekc@parallels.com,Male,125.188.77.164
734,Bobbe,Thatcher,bthatcherkd@biglobe.ne.jp,Female,162.224.238.85
735,Ivory,Woodger,iwoodgerke@scientificamerican.com,Female,117.136.246.16
737,Vick,Golder,vgolderkg@mapy.cz,Male,78.55.101.193
738,Claudell,Warcup,cwarcupkh@e-recht24.de,Male,101.95.99.117
739,Torre,Goadbie,tgoadbieki@infoseek.co.jp,Male,18.46.204.156
740,Lacey,Jorat,ljoratkj@upenn.edu,Female,185.248.104.23
741,Ivy,Shenley,ishenleykk@php.net,Female,153.8.157.255
742,Carey,Claessens,cclaessenskl@mail.ru,Female,75.67.80.90
743,Jeth,Gilson,jgilsonkm@stumbleupon.com,Male,101.111.179.55
744,Shena,O'Sirin,sosirinkn@com.com,Female,255.234.29.214
745,Evvie,Divall,edivallko@census.gov,Female,56.87.67.179
746,Tobye,Farquarson,tfarquarsonkp@wired.com,Female,128.49.104.156
747,Jaine,Enden,jendenkq@miitbeian.gov.cn,Female,150.159.4.6
748,Mathe,Fasset,mfassetkr@seesaa.net,Male,192.234.236.60
749,Frederigo,Tibbles,ftibblesks@youtu.be,Male,2.85.26.96
750,Adore,Frede,afredekt@bloglines.com,Female,16.224.55.172
751,Carrol,Buard,cbuardku@loc.gov,Male,243.245.2.86
752,Louisa,Viner,lvinerkv@opera.com,Female,166.192.254.140
753,Tabbie,Quilleash,tquilleashkw@cdc.gov,Female,73.56.142.195
754,Thurston,Somerlie,tsomerliekx@gmpg.org,Male,121.83.4.77
755,Shelton,Culligan,sculliganky@bloglovin.com,Male,118.171.75.217
756,Gratia,Ghiraldi,gghiraldikz@twitter.com,Female,66.101.29.176
757,Jerome,Pragnell,jpragnelll0@sohu.com,Male,252.41.54.10
758,Fallon,Kahane,fkahanel1@unblog.fr,Female,136.97.130.73
759,Agnese,Frayling,afraylingl2@archive.org,Female,239.86.149.166
760,Ricky,Shirtcliffe,rshirtcliffel3@jigsy.com,Female,170.50.236.35
761,Ira,Tomney,itomneyl4@shop-pro.jp,Male,191.116.117.154
762,Boot,Devennie,bdevenniel5@rakuten.co.jp,Male,146.244.24.99
763,Kelsey,Davies,kdaviesl6@sun.com,Female,96.54.49.3
764,Wyn,Fernley,wfernleyl7@reference.com,Male,133.53.147.250
765,Farand,Desorts,fdesortsl8@usa.gov,Female,38.78.39.237
766,Roby,Lau,rlaul9@si.edu,Female,10.112.190.202
767,Leanora,Hunstone,lhunstonela@auda.org.au,Female,187.107.208.110
768,Babb,Mattke,bmattkelb@buzzfeed.com,Female,98.182.220.103
769,Ava,Bourges,abourgeslc@comsenz.com,Female,55.29.9.84
770,Lorin,Dent,ldentld@rakuten.co.jp,Male,137.7.100.33
771,Dud,Olczak,dolczakle@dell.com,Male,44.95.193.183
772,Belva,Kleinpeltz,bkleinpeltzlf@biglobe.ne.jp,Female,100.206.130.224
773,Angeline,Berard,aberardlg@google.ru,Female,102.62.48.72
775,Yorgos,Beach,ybeachli@chicagotribune.com,Male,236.24.35.102
776,Christie,Abrashkin,cabrashkinlj@vkontakte.ru,Male,129.46.141.186
777,Raimondo,Antham,ranthamlk@google.ru,Male,147.166.225.197
778,Jere,Erickssen,jerickssenll@goo.gl,Male,160.7.252.124
779,Lauraine,Gilley,lgilleylm@reuters.com,Female,133.20.162.191
780,Raine,L'Archer,rlarcherln@amazon.de,Female,78.32.203.144
781,Quinton,Osipov,qosipovlo@europa.eu,Male,163.236.6.68
782,Sayre,Cattrall,scattralllp@hubpages.com,Female,182.180.22.217
783,Welbie,Rounce,wrouncelq@a8.net,Male,108.245.234.224
784,Jacinthe,Rolinson,jrolinsonlr@g.co,Female,253.182.30.213
785,Emelda,Dubarry,edubarryls@mlb.com,Female,98.25.113.246
786,Fredra,Maccaddie,fmaccaddielt@cam.ac.uk,Female,225.189.223.165
787,Hobard,Brignell,hbrignelllu@globo.com,Male,196.181.189.135
788,Virginie,McGoogan,vmcgooganlv@chron.com,Female,163.13.151.75
789,Sophronia,Challoner,schallonerlw@dell.com,Female,152.51.44.171
790,Daile,O'Hanlon,dohanlonlx@princeton.edu,Female,41.27.131.79
791,Saw,Lowndesbrough,slowndesbroughly@craigslist.org,Male,231.222.97.255
792,Findlay,Guyan,fguyanlz@prlog.org,Male,196.171.18.47
793,Steffie,Batchelar,sbatchelarm0@gov.uk,Female,84.210.90.138
794,Ravi,Roslen,rroslenm1@aboutads.info,Male,247.234.61.96
796,Hale,Ambrogiotti,hambrogiottim3@ucla.edu,Male,8.142.6.205
797,Latashia,Truder,ltruderm4@people.com.cn,Female,158.39.250.179
798,Krysta,Corrigan,kcorriganm5@about.me,Female,197.207.187.159
799,Meredith,Brownsmith,mbrownsmithm6@sfgate.com,Male,242.43.171.65
800,Kathie,Hammett,khammettm7@sun.com,Female,226.78.228.149
801,Durand,Bengle,dbenglem8@skype.com,Male,8.59.142.163
802,Kimbell,Moth,kmothm9@php.net,Male,158.253.81.144
803,Mano,Parkisson,mparkissonma@columbia.edu,Male,178.160.199.151
804,Kile,Haill,khaillmb@bluehost.com,Male,67.176.181.114
805,Rossy,Joost,rjoostmc@squarespace.com,Male,14.51.23.147
806,Adelina,Buckthorpe,abuckthorpemd@about.me,Female,7.228.43.180
807,Henrik,Cull,hcullme@networkadvertising.org,Male,172.58.243.255
808,Ginnifer,Attfield,gattfieldmf@eepurl.com,Female,34.249.247.201
809,Humberto,Curnick,hcurnickmg@drupal.org,Male,65.89.120.6
810,Neall,Iacovaccio,niacovacciomh@youtu.be,Male,43.145.53.54
811,Aleen,McConachie,amcconachiemi@comcast.net,Female,0.10.207.157
812,Adoree,Frede,afredemj@google.es,Female,121.233.48.50
813,Appolonia,Clutterbuck,aclutterbuckmk@delicious.com,Female,55.206.152.162
814,Jeremy,Ioannidis,jioannidisml@auda.org.au,Male,74.212.140.197
815,Andres,Cockshtt,acockshttmm@nasa.gov,Male,90.2.211.137
816,Bobby,Haward,bhawardmn@spiegel.de,Male,114.130.151.121
817,Anissa,Andrei,aandreimo@about.com,Female,161.66.239.229
818,Freddi,Dreossi,fdreossimp@mozilla.org,Female,170.199.41.130
819,Raimondo,Haney`,rhaneymq@tamu.edu,Male,45.231.112.16
820,Karla,Hanes,khanesmr@disqus.com,Female,63.174.36.188
821,Casar,Smitheram,csmitheramms@discuz.net,Male,20.180.209.19
822,Willi,Guthrie,wguthriemt@amazon.de,Male,99.147.8.208
823,Gertrude,Behrendsen,gbehrendsenmu@cnbc.com,Female,243.0.225.70
824,Gannon,Cragoe,gcragoemv@storify.com,Male,162.210.206.86
825,Sid,Bairnsfather,sbairnsfathermw@woothemes.com,Male,199.128.48.195
826,Latrina,Olivas,lolivasmx@globo.com,Female,30.120.45.12
827,Ricki,Insley,rinsleymy@harvard.edu,Female,168.50.189.213
828,Mirelle,Fishly,mfishlymz@google.com.hk,Female,209.187.234.76
829,Jude,Lethieulier,jlethieuliern0@fotki.com,Male,109.228.215.39
830,Leanora,Butte,lbutten1@who.int,Female,146.73.231.244
831,Munmro,Feetham,mfeethamn2@flavors.me,Male,163.148.237.74
832,Dulce,Stileman,dstilemann3@sogou.com,Female,148.2.248.4
834,Kliment,Cheale,kchealen5@list-manage.com,Male,180.38.188.241
835,Anthiathia,Brodest,abrodestn6@twitpic.com,Female,157.134.204.117
836,Abbott,Davidovici,adavidovicin7@bravesites.com,Male,179.86.60.110
837,Leigha,Nevins,lnevinsn8@businessinsider.com,Female,193.195.70.23
838,Cale,Muriel,cmurieln9@wordpress.org,Male,219.108.65.227
839,Dorise,Jeroch,djerochna@ft.com,Female,26.128.51.37
840,Terry,Yielding,tyieldingnb@sohu.com,Female,175.227.141.47
841,Nixie,Touzey,ntouzeync@devhub.com,Female,218.3.103.186
842,Larisa,McCaughey,lmccaugheynd@spotify.com,Female,240.101.244.134
843,Dannye,Havick,dhavickne@discuz.net,Female,24.231.188.136
844,Skippy,Cathery,scatherynf@twitpic.com,Male,23.145.205.8
845,Tull,Dunkersley,tdunkersleyng@skype.com,Male,10.117.200.166
846,Demetri,Courtois,dcourtoisnh@chronoengine.com,Male,58.111.224.127
847,Farlee,Thickett,fthickettni@twitpic.com,Male,58.56.162.119
848,Lissie,O'Luney,loluneynj@trellian.com,Female,248.18.145.212
849,Leroi,Oehme,loehmenk@wisc.edu,Male,73.85.214.63
850,Sapphira,Langman,slangmannl@blogger.com,Female,120.99.244.66
851,Mariana,Sandey,msandeynm@joomla.org,Female,254.203.166.180
852,Ash,Farland,afarlandnn@xing.com,Male,5.176.198.212
853,Emyle,Smallthwaite,esmallthwaiteno@miibeian.gov.cn,Female,94.206.75.119
854,Maible,Dot,mdotnp@exblog.jp,Female,17.223.239.76
855,Ralf,Meneo,rmeneonq@time.com,Male,18.52.196.197
856,Theda,Gerrish,tgerrishnr@icio.us,Female,249.210.92.54
857,Roseanna,Rainard,rrainardns@booking.com,Female,17.174.199.225
858,Alfons,Fishley,afishleynt@oakley.com,Male,79.95.101.143
859,Deidre,Langan,dlangannu@pbs.org,Female,63.105.23.161
860,Allard,Stormont,astormontnv@cornell.edu,Male,40.241.87.119
861,Salomi,Jacquet,sjacquetnw@last.fm,Female,224.61.66.241
862,Elfie,McMurtyr,emcmurtyrnx@umn.edu,Female,50.153.218.58
863,Aeriel,Noddings,anoddingsny@yelp.com,Female,6.113.146.45
864,Rock,Briant,rbriantnz@virginia.edu,Male,168.200.31.207
865,Nixie,Cliff,ncliffo0@cbsnews.com,Female,56.207.211.193
866,Olivier,Gluyas,ogluyaso1@indiatimes.com,Male,192.88.172.77
867,Merrick,Paling,mpalingo2@kickstarter.com,Male,209.207.97.133
868,Brady,O'Dowling,bodowlingo3@walmart.com,Male,37.220.133.112
869,Tamiko,Ryves,tryveso4@tinyurl.com,Female,211.241.193.209
870,Graham,Fetter,gfettero5@businessinsider.com,Male,129.56.241.142
871,Al,Quadling,aquadlingo6@theatlantic.com,Male,214.177.223.147
872,Nady,Giannassi,ngiannassio7@europa.eu,Female,196.167.88.221
873,Lizzie,Hardstaff,lhardstaffo8@tinyurl.com,Female,64.124.9.1
874,Shirline,Hemeret,shemereto9@newyorker.com,Female,102.225.241.31
875,Nan,Pylkynyton,npylkynytonoa@marketwatch.com,Female,196.253.186.8
876,Hussein,Kyngdon,hkyngdonob@google.com.au,Male,43.89.171.169
877,Dallis,Brame,dbrameoc@cdbaby.com,Male,110.150.221.12
878,Nevil,Scedall,nscedallod@unesco.org,Male,177.157.4.60
879,Gilburt,Teare,gteareoe@hhs.gov,Male,77.233.71.108
880,Bess,Gribbell,bgribbellof@phoca.cz,Female,30.34.11.192
881,Miguela,Petche,mpetcheog@simplemachines.org,Female,166.137.239.54
882,Torrance,Merck,tmerckoh@is.gd,Male,226.170.246.137
883,Jeff,Spragge,jspraggeoi@addthis.com,Male,227.87.43.244
884,Julian,Spadollini,jspadollinioj@weather.com,Male,181.240.206.96
885,Vivi,Scard,vscardok@wiley.com,Female,212.6.248.37
886,Cesare,Gammel,cgammelol@narod.ru,Male,88.44.56.68
888,Juan,Saffer,jsafferon@flavors.me,Male,224.120.219.176
889,Caryl,Josipovitz,cjosipovitzoo@multiply.com,Female,162.7.72.135
890,Karim,Safont,ksafontop@wikimedia.org,Male,140.222.107.56
891,Basile,Darley,bdarleyoq@addthis.com,Male,179.122.63.194
892,Jdavie,Fudger,jfudgeror@ustream.tv,Male,130.47.186.17
893,Jacky,Bard,jbardos@techcrunch.com,Female,61.138.77.24
894,Alfredo,Heazel,aheazelot@twitter.com,Male,22.101.128.220
895,Sylvan,Edelston,sedelstonou@furl.net,Male,215.20.78.33
896,Arte,Scholtis,ascholtisov@apple.com,Male,65.158.216.82
898,Celestine,Romain,cromainox@economist.com,Female,248.32.212.95
899,Ana,Pietrowicz,apietrowiczoy@about.me,Female,203.248.65.227
900,Shalom,Tropman,stropmanoz@barnesandnoble.com,Male,109.231.25.161
901,Frances,Hadigate,fhadigatep0@sakura.ne.jp,Female,163.72.130.155
902,Upton,Cavaney,ucavaneyp1@vk.com,Male,10.162.163.196
903,Glen,Hebborne,ghebbornep2@discovery.com,Male,53.150.186.35
904,Britni,Lawes,blawesp3@hc360.com,Female,172.18.240.1
905,Hans,Jindra,hjindrap4@usatoday.com,Male,107.117.13.180
906,Skipton,Long,slongp5@amazon.co.jp,Male,177.213.201.229
907,Sonny,Henkens,shenkensp6@opensource.org,Male,55.71.56.133
908,Gunther,Goodlett,ggoodlettp7@reverbnation.com,Male,151.243.140.195
909,Gardie,McKeaveney,gmckeaveneyp8@about.me,Male,104.220.121.102
910,Shea,Mattingly,smattinglyp9@taobao.com,Male,66.142.41.215
911,Benny,Bisson,bbissonpa@umn.edu,Male,26.162.235.170
912,Nadya,Caroline,ncarolinepb@qq.com,Female,243.147.161.239
913,Emiline,Cellone,ecellonepc@eventbrite.com,Female,232.17.90.73
914,Leora,Dowsett,ldowsettpd@istockphoto.com,Female,45.39.159.226
915,Abigael,Syder,asyderpe@bigcartel.com,Female,96.252.248.163
916,Curran,Keemer,ckeemerpf@noaa.gov,Male,32.141.114.3
917,Randy,Kippax,rkippaxpg@privacy.gov.au,Female,234.210.12.156
918,Eben,Domelow,edomelowph@uol.com.br,Male,46.51.180.39
919,Joey,Padginton,jpadgintonpi@macromedia.com,Male,204.78.130.16
920,Evangelia,Dommett,edommettpj@sphinn.com,Female,148.16.191.84
921,Merry,Withers,mwitherspk@apple.com,Male,196.98.195.252
922,Dniren,Egglestone,degglestonepl@adobe.com,Female,74.150.5.18
923,Bronson,Mortimer,bmortimerpm@chronoengine.com,Male,76.127.245.99
924,Gunther,Pote,gpotepn@4shared.com,Male,156.34.208.103
925,Donny,Tulley,dtulleypo@weather.com,Female,157.187.154.253
926,Gwenny,Flack,gflackpp@blog.com,Female,1.104.196.202
927,Mohammed,Tigner,mtignerpq@drupal.org,Male,22.189.227.37
928,Yancy,Mash,ymashpr@mtv.com,Male,111.19.145.43
929,Emmaline,Casoni,ecasonips@goodreads.com,Female,162.96.39.40
930,Gerrie,Ornells,gornellspt@whitehouse.gov,Female,148.105.157.237
931,Rhody,Taaffe,rtaaffepu@biblegateway.com,Female,80.92.50.172
932,Aloysius,Lenz,alenzpv@dedecms.com,Male,39.79.114.6
933,Dinah,Ashe,dashepw@youtube.com,Female,213.198.246.72
934,Merissa,Beeby,mbeebypx@nsw.gov.au,Female,211.44.236.25
935,Geri,Sharpless,gsharplesspy@boston.com,Female,25.15.145.49
936,Murry,Huston,mhustonpz@home.pl,Male,221.16.147.159
937,Robb,Pengilly,rpengillyq0@shareasale.com,Male,4.157.185.167
938,Edithe,Chappel,echappelq1@photobucket.com,Female,186.155.74.105
939,Sullivan,Riolfo,sriolfoq2@java.com,Male,202.109.155.253
940,Bale,Ahmed,bahmedq3@techcrunch.com,Male,239.108.81.17
941,Jodi,Connold,jconnoldq4@dagondesign.com,Male,44.188.226.197
942,Dayle,Asif,dasifq5@canalblog.com,Female,18.19.167.90
943,Celestine,Pryke,cprykeq6@vkontakte.ru,Female,124.76.171.26
944,Julietta,McCahill,jmccahillq7@netvibes.com,Female,237.66.207.220
945,Ollie,Gibbie,ogibbieq8@weebly.com,Male,124.16.36.160
946,Mercy,Duignan,mduignanq9@infoseek.co.jp,Female,221.44.86.119
947,Lewiss,Smart,lsmartqa@sun.com,Male,22.206.0.239
948,Milicent,Youhill,myouhillqb@theatlantic.com,Female,247.207.155.162
949,Ruprecht,Akram,rakramqc@sphinn.com,Male,240.17.250.145
950,Ricoriki,Trenbey,rtrenbeyqd@omniture.com,Male,218.43.154.94
951,Jordon,Lemoir,jlemoirqe@nih.gov,Male,253.244.160.205
952,Heall,Eldred,heldredqf@google.fr,Male,102.245.237.223
953,Damara,Shaw,dshawqg@devhub.com,Female,20.202.152.199
954,Curry,Boadby,cboadbyqh@biglobe.ne.jp,Male,113.70.125.15
955,Hendrik,Titcom,htitcomqi@t-online.de,Male,176.160.169.237
956,Lammond,Fearon,lfearonqj@comsenz.com,Male,249.92.47.25
957,Brita,Chadburn,bchadburnqk@istockphoto.com,Female,165.231.47.141
958,Leonore,Loftus,lloftusql@surveymonkey.com,Female,200.116.118.115
959,Berne,Goward,bgowardqm@imgur.com,Male,36.252.55.110
960,Raine,Gartery,rgarteryqn@abc.net.au,Female,56.165.165.178
961,Mickey,Patient,mpatientqo@ocn.ne.jp,Male,61.56.125.96
962,Raye,Dyson,rdysonqp@pcworld.com,Female,223.125.236.128
965,Ellis,Kienl,ekienlqs@naver.com,Male,255.57.162.206
966,Mamie,Chiddy,mchiddyqt@dot.gov,Female,106.39.17.106
967,Evie,Windmill,ewindmillqu@hexun.com,Female,35.204.31.230
968,Rockey,Yakubovics,ryakubovicsqv@archive.org,Male,153.177.55.36
969,Fredra,Sola,fsolaqw@dailymotion.com,Female,2.79.179.31
970,Shaylah,Acres,sacresqx@people.com.cn,Female,209.221.88.116
971,Celinda,Cabena,ccabenaqy@dmoz.org,Female,109.197.83.160
972,Blake,Elwel,belwelqz@google.es,Female,78.113.194.105
973,Heda,Weinham,hweinhamr0@scribd.com,Female,143.195.88.192
974,Lenka,Aronovich,laronovichr1@sogou.com,Female,174.49.67.1
975,Mitch,Merill,mmerillr2@bing.com,Male,71.245.198.223
976,Quinton,Codman,qcodmanr3@joomla.org,Male,84.204.6.17
977,Vasily,Steagall,vsteagallr4@va.gov,Male,131.22.160.166
978,Keelby,Lakes,klakesr5@sohu.com,Male,120.245.6.29
979,Gustaf,Colvine,gcolviner6@plala.or.jp,Male,25.240.52.47
980,Gerda,Hayfield,ghayfieldr7@skyrock.com,Female,43.162.47.204
981,Cariotta,Skahill,cskahillr8@intel.com,Female,85.81.195.124
982,Christoper,Wingeatt,cwingeattr9@ning.com,Male,58.32.206.73
983,Noellyn,Farrar,nfarrarra@army.mil,Female,174.140.189.189
984,Moore,Goggen,mgoggenrb@google.co.jp,Male,231.187.127.248
985,Ddene,Fallens,dfallensrc@studiopress.com,Female,150.232.227.254
986,Lia,Alliott,lalliottrd@slate.com,Female,74.16.252.171
987,Mahala,Longstreeth,mlongstreethre@friendfeed.com,Female,129.74.114.158
988,Darcey,Teggin,dtegginrf@nsw.gov.au,Female,14.220.142.112
989,Nessy,Fowden,nfowdenrg@gnu.org,Female,138.231.174.158
990,Melanie,Torbett,mtorbettrh@rediff.com,Female,249.182.231.240
991,Stevie,Peppin,speppinri@ebay.com,Male,75.78.40.249
992,Kelila,McKirton,kmckirtonrj@posterous.com,Female,24.193.61.45
993,Trish,Cruce,tcrucerk@va.gov,Female,65.81.23.104
994,Corbie,Charle,ccharlerl@earthlink.net,Male,154.182.47.248
995,Daveen,Supple,dsupplerm@ft.com,Female,237.246.228.9
996,Borg,Papaccio,bpapacciorn@slate.com,Male,73.165.77.5
998,Leland,Winspare,lwinsparerp@cbsnews.com,Male,53.146.216.210
999,Lay,Maeer,lmaeerrq@europa.eu,Male,124.129.172.147
1000,Nolana,Tolworthy,ntolworthyrr@businesswire.com,Female,220.210.81.200
